{
	"values": [
		"#minecraft:anvil",
		"#minecraft:banners",
		"#minecraft:beds",
		"#minecraft:buttons",
		"#minecraft:campfires",
		"#minecraft:carpets",
		"#minecraft:corals",
		"#minecraft:crops",
		"#minecraft:doors",
		"#minecraft:fence_gates",
		"#minecraft:fences",
		"#minecraft:fire",
		"#minecraft:flower_pots",
		"#minecraft:flowers",
		"#minecraft:leaves",
		"#minecraft:pressure_plates",
		"#minecraft:rails",
		"#minecraft:saplings",
		"#minecraft:signs",
		"#minecraft:slabs",
		"#minecraft:stairs",
		"#minecraft:trapdoors",
		"#minecraft:wall_corals",
		"#minecraft:walls",
		"#uin:general/dead_coral_fans",
		"#uin:general/dead_coral_wall_fans",
		"#uin:general/dead_corals",
		"#uin:general/ferns",
		"#uin:general/fungus",
		"#uin:general/gases",
		"#uin:general/glass_blocks",
		"#uin:general/glass_panes",
		"#uin:general/grass",
		"#uin:general/lanterns",
		"#uin:general/liquid",
		"#uin:general/piston",
		"#uin:general/roots",
		"#uin:general/seagrass",
		"#uin:general/skulls",
		"#uin:general/torches",
		"#uin:general/vines",
		"minecraft:attached_melon_stem",
		"minecraft:attached_pumpkin_stem",
		"minecraft:bamboo",
		"minecraft:bamboo_sapling",
		"minecraft:beacon",
		"minecraft:bell",
		"minecraft:brewing_stand",
		"minecraft:brown_mushroom",
		"minecraft:bubble_column",
		"minecraft:cactus",
		"minecraft:cake",
		"minecraft:cauldron",
		"minecraft:chain",
		"minecraft:chest",
		"minecraft:chorus_flower",
		"minecraft:chorus_plant",
		"minecraft:cobweb",
		"minecraft:cocoa",
		"minecraft:comparator",
		"minecraft:composter",
		"minecraft:conduit",
		"minecraft:daylight_detector",
		"minecraft:dead_bush",
		"minecraft:dragon_egg",
		"minecraft:enchanting_table",
		"minecraft:end_gateway",
		"minecraft:end_portal",
		"minecraft:end_portal_frame",
		"minecraft:end_rod",
		"minecraft:ender_chest",
		"minecraft:farmland",
		"minecraft:frosted_ice",
		"minecraft:glowstone",
		"minecraft:grindstone",
		"minecraft:honey_block",
		"minecraft:hopper",
		"minecraft:ice",
		"minecraft:iron_bars",
		"minecraft:kelp",
		"minecraft:kelp_plant",
		"minecraft:ladder",
		"minecraft:lectern",
		"minecraft:lever",
		"minecraft:lily_pad",
		"minecraft:nether_portal",
		"minecraft:nether_sprouts",
		"minecraft:nether_wart",
		"minecraft:observer",
		"minecraft:red_mushroom",
		"minecraft:redstone_block",
		"minecraft:redstone_wire",
		"minecraft:repeater",
		"minecraft:scaffolding",
		"minecraft:sea_lantern",
		"minecraft:sea_pickle",
		"minecraft:snow",
		"minecraft:stonecutter",
		"minecraft:structure_void",
		"minecraft:sugar_cane",
		"minecraft:sweet_berry_bush",
		"minecraft:tnt",
		"minecraft:trapped_chest",
		"minecraft:tripwire",
		"minecraft:tripwire_hook",
		"minecraft:turtle_egg",

		{"required":false,"id":"n/a","version":1.17},
		{"required":false,"id":"n/a","note":"renamed from-to"},
		{"required":false,"id":"minecraft:grass_path"},
		{"required":false,"id":"minecraft:dirt_path"},

		{"required":false,"id":"#minecraft:cauldrons"},
		{"required":false,"id":"#minecraft:candle_cakes"},
		{"required":false,"id":"#minecraft:candles"},
		{"required":false,"id":"#minecraft:cave_vines"},
		{"required":false,"id":"minecraft:amethyst_block"},
		{"required":false,"id":"minecraft:amethyst_cluster"},
		{"required":false,"id":"minecraft:big_dripleaf"},
		{"required":false,"id":"minecraft:big_dripleaf_stem"},
		{"required":false,"id":"minecraft:budding_amethyst"},
		{"required":false,"id":"minecraft:glow_lichen"},
		{"required":false,"id":"minecraft:hanging_roots"},
		{"required":false,"id":"minecraft:large_amethyst_bud"},
		{"required":false,"id":"minecraft:light"},
		{"required":false,"id":"minecraft:lightning_rod"},
		{"required":false,"id":"minecraft:medium_amethyst_bud"},
		{"required":false,"id":"minecraft:moss_carpet"},
		{"required":false,"id":"minecraft:pointed_dripstone"},
		{"required":false,"id":"minecraft:powder_snow"},
		{"required":false,"id":"minecraft:sculk_sensor"},
		{"required":false,"id":"minecraft:small_amethyst_bud"},
		{"required":false,"id":"minecraft:small_dripleaf"},
		{"required":false,"id":"minecraft:spore_blossom"}
	]
}
