{
	"values": [
		"#minecraft:beehives",
		"#minecraft:coral_blocks",
		"#minecraft:logs",
		"#minecraft:nylium",
		"#minecraft:planks",
		"#minecraft:sand",
		"#minecraft:shulker_boxes",
		"#minecraft:stone_bricks",
		"#minecraft:warped_stems",
		"#minecraft:wart_blocks",
		"#minecraft:wool",
		"#uin:general/command_blocks",
		"#uin:general/concrete",
		"#uin:general/concrete_powder",
		"#uin:general/dead_coral_blocks",
		"#uin:general/infested",
		"#uin:general/ores",
		"#uin:general/pumpkin_blocks",
		"#uin:general/smooth_stone",
		"#uin:general/sponge",
		"#uin:general/terracotta",
		"#uin:general/terracotta_glazed",
		"minecraft:andesite",
		"minecraft:barrel",
		"minecraft:barrier",
		"minecraft:basalt",
		"minecraft:bedrock",
		"minecraft:blackstone",
		"minecraft:blast_furnace",
		"minecraft:blue_ice",
		"minecraft:bone_block",
		"minecraft:bookshelf",
		"minecraft:bricks",
		"minecraft:brown_mushroom_block",
		"minecraft:cartography_table",
		"minecraft:chiseled_quartz_block",
		"minecraft:chiseled_nether_bricks",
		"minecraft:chiseled_polished_blackstone",
		"minecraft:chiseled_red_sandstone",
		"minecraft:chiseled_sandstone",
		"minecraft:clay",
		"minecraft:coal_block",
		"minecraft:coarse_dirt",
		"minecraft:cobblestone",
		"minecraft:cracked_nether_bricks",
		"minecraft:cracked_polished_blackstone_bricks",
		"minecraft:crafting_table",
		"minecraft:crying_obsidian",
		"minecraft:cut_red_sandstone",
		"minecraft:cut_sandstone",
		"minecraft:dark_prismarine",
		"minecraft:diamond_block",
		"minecraft:diorite",
		"minecraft:dirt",
		"minecraft:dispenser",
		"minecraft:dried_kelp_block",
		"minecraft:dropper",
		"minecraft:emerald_block",
		"minecraft:end_stone",
		"minecraft:end_stone_bricks",
		"minecraft:fletching_table",
		"minecraft:furnace",
		"minecraft:gilded_blackstone",
		"minecraft:gold_block",
		"minecraft:granite",
		"minecraft:grass_block",
		"minecraft:gravel",
		"minecraft:hay_block",
		"minecraft:honeycomb_block",
		"minecraft:iron_block",
		"minecraft:jigsaw",
		"minecraft:jukebox",
		"minecraft:lapis_block",
		"minecraft:lodestone",
		"minecraft:loom",
		"minecraft:magma_block",
		"minecraft:melon",
		"minecraft:mossy_cobblestone",
		"minecraft:mushroom_stem",
		"minecraft:mycelium",
		"minecraft:nether_bricks",
		"minecraft:netherite_block",
		"minecraft:netherrack",
		"minecraft:note_block",
		"minecraft:obsidian",
		"minecraft:packed_ice",
		"minecraft:podzol",
		"minecraft:polished_andesite",
		"minecraft:polished_basalt",
		"minecraft:polished_blackstone",
		"minecraft:polished_diorite",
		"minecraft:polished_granite",
		"minecraft:prismarine",
		"minecraft:prismarine_bricks",
		"minecraft:purpur_block",
		"minecraft:purpur_pillar",
		"minecraft:quartz_block",
		"minecraft:quartz_bricks",
		"minecraft:quartz_pillar",
		"minecraft:red_mushroom_block",
		"minecraft:red_nether_bricks",
		"minecraft:red_sandstone",
		"minecraft:redstone_lamp",
		"minecraft:respawn_anchor",
		"minecraft:sandstone",
		"minecraft:shroomlight",
		"minecraft:slime_block",
		"minecraft:smithing_table",
		"minecraft:smoker",
		"minecraft:snow_block",
		"minecraft:soul_sand",
		"minecraft:soul_soil",
		"minecraft:spawner",
		"minecraft:stone",
		"minecraft:structure_block",
		"minecraft:target",

		{"required":false,"id":"n/a","version":1.17},
		{"required":false,"id":"#uin:general/raw_blocks"},
		{"required":false,"id":"minecraft:calcite"},
		{"required":false,"id":"minecraft:chiseled_deepslate"},
		{"required":false,"id":"minecraft:cobbled_deepslate"},
		{"required":false,"id":"minecraft:copper_block"},
		{"required":false,"id":"minecraft:cracked_deepslate_bricks"},
		{"required":false,"id":"minecraft:cracked_deepslate_tiles"},
		{"required":false,"id":"minecraft:cut_copper"},
		{"required":false,"id":"minecraft:deepslate"},
		{"required":false,"id":"minecraft:deepslate_bricks"},
		{"required":false,"id":"minecraft:deepslate_tiles"},
		{"required":false,"id":"minecraft:dripstone_block"},
		{"required":false,"id":"minecraft:exposed_copper"},
		{"required":false,"id":"minecraft:exposed_cut_copper"},
		{"required":false,"id":"minecraft:moss_block"},
		{"required":false,"id":"minecraft:oxidized_copper"},
		{"required":false,"id":"minecraft:oxidized_cut_copper"},
		{"required":false,"id":"minecraft:polished_deepslate"},
		{"required":false,"id":"minecraft:rooted_dirt"},
		{"required":false,"id":"minecraft:smooth_basalt"},
		{"required":false,"id":"minecraft:tuff"},
		{"required":false,"id":"minecraft:waxed_copper_block"},
		{"required":false,"id":"minecraft:waxed_cut_copper"},
		{"required":false,"id":"minecraft:waxed_exposed_copper"},
		{"required":false,"id":"minecraft:waxed_exposed_cut_copper"},
        {"required":false,"id":"minecraft:waxed_oxidized_copper"},
        {"required":false,"id":"minecraft:waxed_oxidized_cut_copper"},
        {"required":false,"id":"minecraft:waxed_weathered_copper"},
        {"required":false,"id":"minecraft:waxed_weathered_cut_copper"},
		{"required":false,"id":"minecraft:weathered_copper"},
		{"required":false,"id":"minecraft:weathered_cut_copper"}
	]
}
