{
	"values": [
		"#minecraft:campfires",
		"#minecraft:corals",
		"#minecraft:fences",
		"#minecraft:signs",
		"#minecraft:slabs",
		"#minecraft:stairs",
		"#minecraft:trapdoors",
		"#minecraft:wall_corals",
		"#minecraft:walls",
		"#uin:general/dead_coral_fans",
		"#uin:general/dead_coral_wall_fans",
		"#uin:general/dead_corals",
		"#uin:general/glass_panes",
		"#uin:general/lanterns",
		"minecraft:chain",
		"minecraft:chest",
		"minecraft:conduit",
		"minecraft:ender_chest",
		"minecraft:iron_bars",
		"minecraft:ladder",
		"minecraft:scaffolding",
		"minecraft:sea_pickle",
		"minecraft:trapped_chest",

		{"required":false,"id":"n/a","version":1.17},
		{"required":false,"id":"#minecraft:rails"},

		{"required":false,"id":"#minecraft:candles"},
		{"required":false,"id":"minecraft:amethyst_cluster"},
		{"required":false,"id":"minecraft:big_dripleaf"},
		{"required":false,"id":"minecraft:big_dripleaf_stem"},
		{"required":false,"id":"minecraft:glow_lichen"},
		{"required":false,"id":"minecraft:hanging_roots"},
		{"required":false,"id":"minecraft:large_amethyst_bud"},
		{"required":false,"id":"minecraft:light"},
		{"required":false,"id":"minecraft:lightning_rod"},
		{"required":false,"id":"minecraft:medium_amethyst_bud"},
		{"required":false,"id":"minecraft:pointed_dripstone"},
		{"required":false,"id":"minecraft:sculk_sensor"},
		{"required":false,"id":"minecraft:small_amethyst_bud"},
		{"required":false,"id":"minecraft:small_dripleaf"}
	]
}
