{
	"values": [
		{"required":false,"id":"n/a","version":1.17},
 
		{"required":false,"id":"minecraft:chiseled_deepslate"},
		{"required":false,"id":"minecraft:cobbled_deepslate"},
		{"required":false,"id":"minecraft:cobbled_deepslate_slab"},
		{"required":false,"id":"minecraft:cobbled_deepslate_stairs"},
		{"required":false,"id":"minecraft:cobbled_deepslate_wall"},
		{"required":false,"id":"minecraft:cracked_deepslate_bricks"},
		{"required":false,"id":"minecraft:cracked_deepslate_tiles"},
		{"required":false,"id":"minecraft:deepslate"},
		{"required":false,"id":"minecraft:deepslate_brick_slab"},
		{"required":false,"id":"minecraft:deepslate_brick_stairs"},
		{"required":false,"id":"minecraft:deepslate_brick_wall"},
		{"required":false,"id":"minecraft:deepslate_bricks"},
		{"required":false,"id":"minecraft:deepslate_coal_ore"},
		{"required":false,"id":"minecraft:deepslate_copper_ore"},
		{"required":false,"id":"minecraft:deepslate_diamond_ore"},
		{"required":false,"id":"minecraft:deepslate_emerald_ore"},
		{"required":false,"id":"minecraft:deepslate_gold_ore"},
		{"required":false,"id":"minecraft:deepslate_iron_ore"},
		{"required":false,"id":"minecraft:deepslate_lapis_ore"},
		{"required":false,"id":"minecraft:deepslate_redstone_ore"},
		{"required":false,"id":"minecraft:deepslate_tile_slab"},
		{"required":false,"id":"minecraft:deepslate_tile_stairs"},
		{"required":false,"id":"minecraft:deepslate_tile_wall"},
		{"required":false,"id":"minecraft:deepslate_tiles"},
		{"required":false,"id":"minecraft:infested_deepslate"},
		{"required":false,"id":"minecraft:polished_deepslate"},
		{"required":false,"id":"minecraft:polished_deepslate_slab"},
		{"required":false,"id":"minecraft:polished_deepslate_stairs"},
		{"required":false,"id":"minecraft:polished_deepslate_wall"}
	]
}