{
	"values": [
		{"required":false,"id":"n/a","version":1.17},
		{"required":false,"id":"minecraft:waxed_weathered_copper"},
		{"required":false,"id":"minecraft:waxed_weathered_cut_copper"},
		{"required":false,"id":"minecraft:waxed_weathered_cut_copper_slab"},
		{"required":false,"id":"minecraft:waxed_weathered_cut_copper_stairs"},
		{"required":false,"id":"minecraft:weathered_copper"},
		{"required":false,"id":"minecraft:weathered_cut_copper"},
		{"required":false,"id":"minecraft:weathered_cut_copper_slab"},
		{"required":false,"id":"minecraft:weathered_cut_copper_stairs"}
	]
}
