{
	"values": [
		"#minecraft:anvil",
		"#minecraft:banners",
		"#minecraft:beds",
		"#minecraft:beehives",
		"#minecraft:buttons",
		"#minecraft:carpets",
		"#minecraft:coral_blocks",
		"#minecraft:corals",
		"#minecraft:crops",
		"#minecraft:doors",
		"#minecraft:fence_gates",
		"#minecraft:fences",
		"#minecraft:fire",
		"#minecraft:flowers",
		"#minecraft:flower_pots",
		"#minecraft:gold_ores",
		"#minecraft:ice",
		"#minecraft:leaves",
		"#minecraft:logs",
		"#minecraft:nylium",
		"#minecraft:planks",
		"#minecraft:pressure_plates",
		"#minecraft:rails",
		"#minecraft:sand",
		"#minecraft:saplings",
		"#minecraft:signs",
		"#minecraft:slabs",
		"#minecraft:stairs",
		"#minecraft:stone_bricks",
		"#minecraft:trapdoors",
		"#minecraft:wall_corals",
		"#minecraft:walls",
		"#minecraft:wart_blocks",
		"#minecraft:wool",
		"#uin:general/chests",
		"#uin:general/command_blocks",
		"#uin:general/concrete",
		"#uin:general/concrete_powder",
		"#uin:general/dead_coral_blocks",
		"#uin:general/dead_coral_fans",
		"#uin:general/dead_coral_wall_fans",
		"#uin:general/dead_corals",
		"#uin:general/ferns",
		"#uin:general/fungus",
		"#uin:general/furnaces",
		"#uin:general/gases",
		"#uin:general/glass_blocks",
		"#uin:general/glass_panes",
		"#uin:general/grass",
		"#uin:general/infested",
		"#uin:general/lanterns",
		"#uin:general/liquid",
		"#uin:general/mineral_blocks",
		"#uin:general/ores",
		"#uin:general/piston",
		"#uin:general/pumpkin_blocks",
		"#uin:general/roots",
		"#uin:general/seagrass",
		"#uin:general/skulls",
		"#uin:general/smooth_stone",
		"#uin:general/sponge",
		"#uin:general/terracotta",
		"#uin:general/terracotta_glazed",
		"#uin:general/torches",
		"#uin:general/vines",
		{"required":false,"id":"#uin:temp_blocks"},
		"minecraft:andesite",
		"minecraft:attached_melon_stem",
		"minecraft:attached_pumpkin_stem",
		"minecraft:bamboo",
		"minecraft:bamboo_sapling",
		"minecraft:barrier",
		"minecraft:basalt",
		"minecraft:beacon",
		"minecraft:bedrock",
		"minecraft:bell",
		"minecraft:blackstone",
		"minecraft:bone_block",
		"minecraft:bookshelf",
		"minecraft:brewing_stand",
		"minecraft:bricks",
		"minecraft:brown_mushroom",
		"minecraft:brown_mushroom_block",
		"minecraft:bubble_column",
		"minecraft:cactus",
		"minecraft:cake",
		"minecraft:cartography_table",
		"minecraft:cauldron",
		"minecraft:chain",
		"minecraft:chiseled_nether_bricks",
		"minecraft:chiseled_polished_blackstone",
		"minecraft:chiseled_quartz_block",
		"minecraft:chiseled_red_sandstone",
		"minecraft:chiseled_sandstone",
		"minecraft:chorus_flower",
		"minecraft:chorus_plant",
		"minecraft:clay",
		"minecraft:coarse_dirt",
		"minecraft:cobblestone",
		"minecraft:cobweb",
		"minecraft:cocoa",
		"minecraft:comparator",
		"minecraft:composter",
		"minecraft:conduit",
		"minecraft:cracked_nether_bricks",
		"minecraft:cracked_polished_blackstone_bricks",
		"minecraft:crafting_table",
		"minecraft:crying_obsidian",
		"minecraft:cut_red_sandstone",
		"minecraft:cut_sandstone",
		"minecraft:dark_prismarine",
		"minecraft:daylight_detector",
		"minecraft:dead_bush",
		"minecraft:diorite",
		"minecraft:dirt",
		"minecraft:dispenser",
		"minecraft:dragon_egg",
		"minecraft:dried_kelp_block",
		"minecraft:dropper",
		"minecraft:enchanting_table",
		"minecraft:end_gateway",
		"minecraft:end_portal",
		"minecraft:end_portal_frame",
		"minecraft:end_rod",
		"minecraft:end_stone",
		"minecraft:end_stone_bricks",
		"minecraft:farmland",
		"minecraft:fletching_table",
		"minecraft:gilded_blackstone",
		"minecraft:glowstone",
		"minecraft:granite",
		"minecraft:grass_block",
		"minecraft:gravel",
		"minecraft:grindstone",
		"minecraft:hay_block",
		"minecraft:honey_block",
		"minecraft:honeycomb_block",
		"minecraft:hopper",
		"minecraft:iron_bars",
		"minecraft:jigsaw",
		"minecraft:jukebox",
		"minecraft:kelp",
		"minecraft:kelp_plant",
		"minecraft:ladder",
		"minecraft:lectern",
		"minecraft:lever",
		"minecraft:lily_pad",
		"minecraft:lodestone",
		"minecraft:loom",
		"minecraft:magma_block",
		"minecraft:melon",
		"minecraft:mossy_cobblestone",
		"minecraft:mushroom_stem",
		"minecraft:mycelium",
		"minecraft:nether_bricks",
		"minecraft:nether_portal",
		"minecraft:nether_sprouts",
		"minecraft:nether_wart",
		"minecraft:netherrack",
		"minecraft:note_block",
		"minecraft:observer",
		"minecraft:obsidian",
		"minecraft:podzol",
		"minecraft:polished_andesite",
		"minecraft:polished_basalt",
		"minecraft:polished_blackstone",
		"minecraft:polished_blackstone_bricks",
		"minecraft:polished_diorite",
		"minecraft:polished_granite",
		"minecraft:prismarine",
		"minecraft:prismarine_bricks",
		"minecraft:purpur_block",
		"minecraft:purpur_pillar",
		"minecraft:quartz_bricks",
		"minecraft:quartz_pillar",
		"minecraft:red_mushroom",
		"minecraft:red_mushroom_block",
		"minecraft:red_nether_bricks",
		"minecraft:red_sandstone",
		"minecraft:redstone_lamp",
		"minecraft:redstone_wire",
		"minecraft:repeater",
		"minecraft:respawn_anchor",
		"minecraft:sandstone",
		"minecraft:scaffolding",
		"minecraft:sea_lantern",
		"minecraft:sea_pickle",
		"minecraft:shroomlight",
		"minecraft:slime_block",
		"minecraft:smithing_table",
		"minecraft:snow",
		"minecraft:snow_block",
		"minecraft:soul_sand",
		"minecraft:soul_soil",
		"minecraft:spawner",
		"minecraft:stone",
		"minecraft:stonecutter",
		"minecraft:structure_block",
		"minecraft:structure_void",
		"minecraft:sugar_cane",
		"minecraft:sweet_berry_bush",
		"minecraft:target",
		"minecraft:tnt",
		"minecraft:tripwire",
		"minecraft:tripwire_hook",
		"minecraft:turtle_egg",

		{"required":false,"id":"n/a","version":1.17},
		{"required":false,"id":"n/a","note":"renamed from-to"},
		{"required":false,"id":"minecraft:grass_path"},
		{"required":false,"id":"minecraft:dirt_path"},

		{"required":false,"id":"#minecraft:cauldrons"},
		{"required":false,"id":"#minecraft:candle_cakes"},
		{"required":false,"id":"#minecraft:candles"},
		{"required":false,"id":"#uin:general/amethyst"},
		{"required":false,"id":"minecraft:moss_carpet"},
		{"required":false,"id":"#minecraft:cave_vines"},
		{"required":false,"id":"#uin:general/raw_blocks"},
		{"required":false,"id":"minecraft:amethyst_block"},
		{"required":false,"id":"minecraft:big_dripleaf"},
		{"required":false,"id":"minecraft:big_dripleaf_stem"},
		{"required":false,"id":"minecraft:budding_amethyst"},
		{"required":false,"id":"minecraft:calcite"},
		{"required":false,"id":"minecraft:chiseled_deepslate"},
		{"required":false,"id":"minecraft:cobbled_deepslate"},
		{"required":false,"id":"minecraft:cracked_deepslate_bricks"},
		{"required":false,"id":"minecraft:cracked_deepslate_tiles"},
		{"required":false,"id":"minecraft:cut_copper"},
		{"required":false,"id":"minecraft:deepslate"},
		{"required":false,"id":"minecraft:deepslate_bricks"},
		{"required":false,"id":"minecraft:deepslate_tiles"},
		{"required":false,"id":"minecraft:dripstone_block"},
		{"required":false,"id":"minecraft:exposed_copper"},
		{"required":false,"id":"minecraft:exposed_cut_copper"},
		{"required":false,"id":"minecraft:glow_lichen"},
		{"required":false,"id":"minecraft:hanging_roots"},
		{"required":false,"id":"minecraft:light"},
		{"required":false,"id":"minecraft:lightning_rod"},
		{"required":false,"id":"minecraft:moss_block"},
		{"required":false,"id":"minecraft:oxidized_copper"},
		{"required":false,"id":"minecraft:oxidized_cut_copper"},
		{"required":false,"id":"minecraft:pointed_dripstone"},
		{"required":false,"id":"minecraft:polished_deepslate"},
		{"required":false,"id":"minecraft:rooted_dirt"},
		{"required":false,"id":"minecraft:sculk_sensor"},
		{"required":false,"id":"minecraft:small_dripleaf"},
		{"required":false,"id":"minecraft:smooth_basalt"},
		{"required":false,"id":"minecraft:spore_blossom"},
		{"required":false,"id":"minecraft:tuff"},
		{"required":false,"id":"minecraft:waxed_copper_block"},
		{"required":false,"id":"minecraft:waxed_cut_copper"},
		{"required":false,"id":"minecraft:waxed_exposed_copper"},
		{"required":false,"id":"minecraft:waxed_exposed_cut_copper"},
        {"required":false,"id":"minecraft:waxed_oxidized_copper"},
        {"required":false,"id":"minecraft:waxed_oxidized_cut_copper"},
        {"required":false,"id":"minecraft:waxed_weathered_copper"},
        {"required":false,"id":"minecraft:waxed_weathered_cut_copper"},
		{"required":false,"id":"minecraft:weathered_copper"},
		{"required":false,"id":"minecraft:weathered_cut_copper"}
	]
}
