{
	"values": [
		"#uin:general/illagers",
		"minecraft:bat",
		"minecraft:bee",
		"minecraft:blaze",
		"minecraft:cat",
		"minecraft:cave_spider",
		"minecraft:chicken",
		"minecraft:cod",
		"minecraft:cow",
		"minecraft:creeper",
		"minecraft:dolphin",
		"minecraft:donkey",
		"minecraft:drowned",
		"minecraft:elder_guardian",
		"minecraft:ender_dragon",
		"minecraft:enderman",
		"minecraft:endermite",
		"minecraft:fox",
		"minecraft:ghast",
		"minecraft:giant",
		"minecraft:guardian",
		"minecraft:hoglin",
		"minecraft:horse",
		"minecraft:husk",
		"minecraft:iron_golem",
		"minecraft:llama",
		"minecraft:magma_cube",
		"minecraft:mooshroom",
		"minecraft:mule",
		"minecraft:ocelot",
		"minecraft:panda",
		"minecraft:parrot",
		"minecraft:phantom",
		"minecraft:pig",
		"minecraft:piglin",
		"minecraft:piglin_brute",
		"minecraft:polar_bear",
		"minecraft:pufferfish",
		"minecraft:rabbit",
		"minecraft:ravager",
		"minecraft:salmon",
		"minecraft:sheep",
		"minecraft:shulker",
		"minecraft:silverfish",
		"minecraft:skeleton",
		"minecraft:skeleton_horse",
		"minecraft:slime",
		"minecraft:snow_golem",
		"minecraft:spider",
		"minecraft:squid",
		"minecraft:stray",
		"minecraft:strider",
		"minecraft:trader_llama",
		"minecraft:tropical_fish",
		"minecraft:turtle",
		"minecraft:vex",
		"minecraft:villager",
		"minecraft:wandering_trader",
		"minecraft:witch",
		"minecraft:wither",
		"minecraft:wither_skeleton",
		"minecraft:wolf",
		"minecraft:zoglin",
		"minecraft:zombie",
		"minecraft:zombie_horse",
		"minecraft:zombie_villager",
		"minecraft:zombified_piglin",

		{"required":false,"id":"n/a","version":1.17},
		{"required":false,"id":"minecraft:axolotl"},
		{"required":false,"id":"minecraft:glow_squid"},
		{"required":false,"id":"minecraft:goat"}
	]
}
