{
	"values": [
		"minecraft:acacia_door",
		"minecraft:acacia_fence",
		"minecraft:acacia_fence_gate",
		"minecraft:acacia_planks",
		"minecraft:acacia_pressure_plate",
		"minecraft:acacia_sign",
		"minecraft:acacia_slab",
		"minecraft:acacia_stairs",
		"minecraft:acacia_trapdoor",
		"minecraft:acacia_wall_sign",
		"minecraft:carved_pumpkin",
		"minecraft:chiseled_red_sandstone",
		"minecraft:cut_red_sandstone",
		"minecraft:cut_red_sandstone_slab",
		"minecraft:honey_block",
		"minecraft:honeycomb_block",
		"minecraft:jack_o_lantern",
		"minecraft:lightning_rod",
		"minecraft:orange_bed",
		"minecraft:orange_carpet",
		"minecraft:orange_concrete",
		"minecraft:orange_concrete_powder",
		"minecraft:orange_glazed_terracotta",
		"minecraft:orange_shulker_box",
		"minecraft:orange_stained_glass",
		"minecraft:orange_wool",
		"minecraft:pumpkin",
		"minecraft:red_sand",
		"minecraft:red_sandstone",
		"minecraft:red_sandstone_slab",
		"minecraft:red_sandstone_stairs",
		"minecraft:red_sandstone_wall",
		"minecraft:smooth_red_sandstone",
		"minecraft:smooth_red_sandstone_slab",
		"minecraft:smooth_red_sandstone_stairs",
		"minecraft:stripped_acacia_log",
		"minecraft:stripped_acacia_wood",
		"minecraft:terracotta",

		{"required":false,"id":"n/a","version":1.17},
 
		{"required":false,"id":"minecraft:copper_block"},
		{"required":false,"id":"minecraft:cut_copper"},
		{"required":false,"id":"minecraft:cut_copper_slab"},
		{"required":false,"id":"minecraft:cut_copper_stairs"},
		{"required":false,"id":"minecraft:orange_candle"},
		{"required":false,"id":"minecraft:raw_copper_block"},
		{"required":false,"id":"minecraft:waxed_copper_block"},
		{"required":false,"id":"minecraft:waxed_cut_copper"},
		{"required":false,"id":"minecraft:waxed_cut_copper_slab"},
		{"required":false,"id":"minecraft:waxed_cut_copper_stairs"}
	]
}