{
	"values": [
		"minecraft:brown_bed",
		"minecraft:brown_carpet",
		"minecraft:brown_concrete",
		"minecraft:brown_concrete_powder",
		"minecraft:brown_glazed_terracotta",
		"minecraft:brown_mushroom",
		"minecraft:brown_shulker_box",
		"minecraft:brown_stained_glass",
		"minecraft:brown_wool",
		"minecraft:command_block",
		"minecraft:dark_oak_door",
		"minecraft:dark_oak_fence",
		"minecraft:dark_oak_fence_gate",
		"minecraft:dark_oak_log",
		"minecraft:dark_oak_planks",
		"minecraft:dark_oak_pressure_plate",
		"minecraft:dark_oak_sign",
		"minecraft:dark_oak_slab",
		"minecraft:dark_oak_stairs",
		"minecraft:dark_oak_trapdoor",
		"minecraft:dark_oak_wall_sign",
		"minecraft:dark_oak_wood",
		"minecraft:soul_sand",
		"minecraft:soul_soil",
		"minecraft:spruce_log",
		"minecraft:stripped_dark_oak_log",
		"minecraft:stripped_dark_oak_wood",

		{"required":false,"id":"n/a","version":1.17},
 
		{"required":false,"id":"minecraft:brown_candle"}
	]
}