{
  "condition": "minecraft:inverted",
  "term": {
      "condition": "minecraft:alternative",
      "terms": [
        {
          "condition": "minecraft:inverted",
          "term": {
            "condition": "minecraft:entity_properties",
            "entity": "this",
            "predicate": {
              "equipment": {
                "chest": {
                  "tag": "minecraft:planks"
                }
              }
            }
          }
        },
        {
          "condition": "minecraft:inverted",
          "term": {
            "condition": "minecraft:entity_scores",
            "entity": "this",
            "scores": {
              "CNC_tag_id":-1
            }
          }
        }
      ]
  }
}

